Xa1,Xb1,Xc1,Xd1,Ya1,Yb1,Yc1,Yd1,Time
7129.739609,265.596344,10.271706,1775.497570,8017.832118,75.438645,10.273048,2727.882262,17:42:31
7119.863968,265.595986,10.312035,1760.400855,8030.147408,75.398718,10.287744,2703.696154,17:42:37
7108.051233,265.622551,10.289276,1764.316581,8021.596695,75.464215,10.275400,2709.156892,17:43:23
7106.947631,265.605628,10.303265,1767.261660,8011.313773,75.420276,10.296590,2713.965876,17:43:36
7121.335270,265.565028,10.340098,1782.483893,8050.333614,75.438758,10.331972,2735.916771,17:43:40
7052.024321,265.653457,10.385224,1767.166828,8028.212553,75.419553,10.253468,2715.155220,17:43:52
7118.877826,265.650545,10.248462,1750.208629,7989.993627,75.411999,10.297299,2686.740704,17:43:53
7131.349752,265.677593,10.305234,1764.447824,8020.279799,75.459625,10.357111,2707.269284,17:43:54
7038.572759,265.631552,10.403788,1746.508009,8015.368977,75.479767,10.228992,2684.959107,17:44:06
7048.457401,265.618703,10.381145,1757.749159,7999.255130,75.437108,10.252248,2702.083774,17:45:03
7041.752667,265.626605,10.366572,1744.192542,8009.001696,75.468646,10.215592,2680.904463,17:45:06
7089.624402,265.564031,10.381186,1757.236151,8055.374832,75.477345,10.261034,2699.689408,17:45:40
7058.196784,265.589613,10.409260,1766.632136,8039.532921,75.433476,10.253812,2715.148555,17:45:42
6958.549017,265.583746,10.550700,1744.512384,8042.881522,75.547690,10.161738,2685.081804,17:45:46
7077.552469,265.599335,10.320623,1753.139466,8003.141216,75.436593,10.274580,2692.323967,17:46:59
7116.822607,265.630859,10.261880,1762.516123,7995.762829,75.443961,10.357661,2702.713028,17:47:02
7090.735916,265.575272,10.346092,1765.706487,8054.744264,75.453483,10.260155,2711.394377,17:47:13
7069.578710,265.608368,10.313369,1749.961725,8003.901517,75.433450,10.266063,2686.791073,17:47:14
7098.632532,265.594746,10.317750,1763.992391,8017.459803,75.482796,10.290185,2708.858740,17:47:23
7164.341781,265.602507,10.197582,1766.844693,7997.964795,75.434777,10.330169,2711.152790,17:47:24
7090.060503,265.564156,10.261022,1762.387339,8005.891703,75.478964,10.222559,2707.566155,17:53:25
7065.837839,265.584873,10.304090,1760.650765,8020.374917,75.438951,10.231525,2703.640391,17:53:28
7079.081714,265.574174,10.332631,1770.687250,8025.362759,75.441441,10.294597,2717.846866,17:53:37
7052.592661,265.583067,10.393849,1756.426526,8031.715883,75.514323,10.250084,2698.673693,17:55:34
7113.604001,265.647973,10.219919,1755.548949,7962.650329,75.465026,10.314858,2694.307286,17:55:38
7120.433864,265.602846,10.323990,1770.444345,8025.387002,75.469018,10.354006,2716.656201,17:56:01
7093.515862,265.619915,10.304487,1743.985440,8032.561709,75.461411,10.263542,2676.731171,17:56:57
7046.931688,265.568309,10.336804,1736.569242,8007.057074,75.403080,10.199003,2668.882493,17:57:00
7046.931688,265.568309,10.336804,1736.569242,8007.057074,75.403080,10.199003,2668.882493,17:57:00
7131.051367,265.611034,10.190556,1742.192394,7987.966105,75.401705,10.326503,2670.488782,17:57:00
7093.575260,265.643592,10.272273,1739.709268,7987.189254,75.468650,10.310416,2669.009088,17:57:01
7130.341848,265.599900,10.266942,1748.506009,8022.291304,75.486714,10.335217,2681.246252,17:57:01
7120.910354,265.599217,10.274898,1756.519592,8003.777713,75.467089,10.319107,2695.892518,17:57:01
7151.969923,265.571978,10.230519,1759.881368,8015.351352,75.479512,10.340383,2699.089476,17:57:02
7086.237489,265.614251,10.282369,1756.969128,8004.915191,75.487856,10.285799,2696.248198,17:57:02
7088.126158,265.609274,10.286549,1754.198451,8010.480004,75.487357,10.242942,2694.322136,17:57:03
7077.298516,265.588413,10.323089,1754.130892,8010.167123,75.460146,10.247469,2695.045090,17:57:03
7094.684020,265.573993,10.304058,1749.787674,8001.388184,75.442093,10.278741,2687.368645,17:57:03
32097.024648,230.379089,180.716596,20939.626780,115064.557850,100.676983,240.636475,-36419.218446,17:58:02
7106.586647,265.587931,10.323402,1758.303202,8011.901960,75.452488,10.289759,2701.233373,17:58:03
7106.586647,265.587931,10.323402,1758.303202,8011.901960,75.452488,10.289759,2701.233373,17:58:04
7075.639115,265.618121,10.312070,1754.645363,8007.493704,75.492822,10.229274,2696.421350,17:58:04
7067.837316,265.624282,10.326301,1765.099313,8006.840028,75.472081,10.245106,2712.147447,17:58:04
7053.496587,265.613658,10.375367,1764.927569,8006.299184,75.445349,10.262544,2712.341509,17:58:05
7115.653732,265.620513,10.258735,1770.109651,7994.480757,75.461255,10.310309,2717.260218,17:58:05
7114.865855,265.619812,10.268335,1769.907237,7992.661132,75.466726,10.304005,2717.881322,17:58:05
7078.131804,265.622099,10.326219,1760.720709,8007.805290,75.461464,10.261181,2705.017532,17:58:06
7067.822698,265.634879,10.333106,1753.279043,8011.103870,75.481618,10.254321,2693.039766,17:58:06
7154.737828,265.628176,10.169633,1752.211946,7979.056036,75.488213,10.325311,2687.660659,17:58:06
7094.541118,265.595949,10.325941,1752.799225,8022.573771,75.465808,10.323655,2689.025891,17:58:07
7148.375478,265.614884,10.175155,1741.890879,7991.329763,75.480860,10.265923,2673.761340,17:58:07
7110.041100,265.632757,10.263188,1749.838666,7978.200413,75.470826,10.327296,2685.404853,17:58:08
7062.280079,265.615639,10.360972,1749.343370,8001.943287,75.489671,10.279924,2687.053530,17:58:08
7042.267172,265.614501,10.363966,1756.635436,7987.651183,75.479210,10.248257,2700.081187,17:58:08
7094.300041,265.575263,10.355153,1783.205708,8039.163177,75.491862,10.358115,2735.109626,17:58:09
7110.984004,265.674860,10.208078,1766.743491,7961.138873,75.486311,10.311361,2711.434230,17:58:09
7105.249920,265.676012,10.245688,1767.678622,7986.793750,75.451903,10.279686,2714.338002,17:58:09
7001.562038,265.652329,10.382117,1753.772107,7989.952669,75.499083,10.166243,2698.022451,17:58:10
7088.037835,265.636817,10.330843,1764.771725,8022.426771,75.461331,10.301631,2708.926952,17:58:10
7093.862238,265.634384,10.270494,1753.652327,7985.734306,75.495201,10.262672,2693.760613,17:58:10
7135.177444,265.643544,10.216887,1747.933208,7988.538367,75.437747,10.284601,2683.582324,17:58:11
7090.082951,265.629232,10.263085,1740.448956,7979.833714,75.494504,10.275677,2672.004048,17:58:11
7119.753716,265.639101,10.232470,1739.432307,7977.499509,75.487104,10.257706,2672.248399,17:58:11
7088.952442,265.583167,10.328652,1740.940423,8039.780179,75.490789,10.247328,2673.250626,17:58:12
7146.172469,265.626057,10.201009,1752.131127,7973.617601,75.438846,10.359305,2686.968403,17:58:12
7092.774971,265.602448,10.286262,1754.471512,8005.963343,75.481846,10.262567,2694.279186,17:58:13
7071.512911,265.607611,10.332520,1758.624786,8027.445781,75.479355,10.215148,2702.766539,17:58:13
7076.884179,265.601895,10.329796,1764.892498,8009.405863,75.465030,10.289842,2709.886428,17:58:13
7036.464358,265.614181,10.362869,1759.063233,8000.032408,75.486967,10.205311,2704.983088,17:58:14
7059.926264,265.615047,10.362882,1758.406727,8005.768786,75.456793,10.257012,2702.284725,17:58:14
7041.850680,265.616922,10.401360,1764.385248,8000.231433,75.468045,10.281408,2711.295966,17:58:14
7085.093676,265.626979,10.332549,1763.494372,8017.412859,75.472420,10.286348,2708.048803,17:58:15
7077.923107,265.629169,10.313166,1750.610208,7991.248277,75.472566,10.285844,2688.221666,17:58:15
7064.537376,265.577266,10.386790,1746.883133,8054.437479,75.448818,10.282091,2680.629723,17:58:15
7088.438347,265.616312,10.302175,1739.320821,8006.871373,75.480022,10.287827,2669.393910,17:58:16
7126.991869,265.623372,10.242085,1743.683025,7974.827789,75.474651,10.325952,2676.219355,17:58:16
7058.237514,265.612762,10.359248,1745.428803,8007.598202,75.458784,10.250576,2681.785127,17:58:16
7140.972714,265.642783,10.188668,1756.295777,7965.675730,75.421063,10.348134,2693.741168,17:58:17
7062.997559,265.634703,10.349179,1757.492992,7983.318280,75.441051,10.284061,2700.479030,17:58:17
7067.817185,265.604368,10.328738,1763.007736,8016.035310,75.466034,10.253296,2707.818147,17:58:18
7029.532885,265.611785,10.407876,1768.129783,8022.835244,75.457811,10.242760,2717.155212,17:58:18
7047.539493,265.649423,10.345509,1762.309134,7998.699329,75.445507,10.229614,2708.723059,17:58:18
7000.628294,265.599454,10.482643,1756.222169,8057.407835,75.490202,10.172258,2701.586426,17:58:19
7018.332455,265.626778,10.429496,1755.623726,8016.056673,75.472174,10.229904,2698.981957,17:58:19
7043.570199,265.623845,10.400914,1751.426553,8009.433783,75.453571,10.261086,2691.504169,17:58:19
7109.936863,265.622502,10.291532,1753.283226,7993.362441,75.479048,10.361430,2689.162502,17:58:20
7109.570180,265.640737,10.263170,1741.804280,7982.622544,75.479988,10.289247,2674.599143,17:58:20
7122.917600,265.620980,10.233696,1747.810290,7982.748074,75.452923,10.336840,2680.752056,17:58:20
7093.083041,265.581365,10.320344,1747.966034,8015.361596,75.436795,10.282492,2683.959383,17:58:21
7082.395692,265.596935,10.311642,1755.777835,7995.517038,75.426083,10.269988,2697.212987,17:58:21
7081.439026,265.635995,10.302196,1762.220688,7989.528186,75.437002,10.274642,2706.971612,17:58:21
7077.708798,265.630164,10.306357,1761.785556,7972.479348,75.501226,10.284470,2706.924901,17:58:22
7074.150657,265.633596,10.324822,1768.164391,7993.157505,75.460594,10.307911,2714.740331,17:58:22
7111.253524,265.569860,10.328817,1767.723398,8009.961448,75.439948,10.329327,2714.531083,17:58:22
7099.631925,265.593432,10.295577,1763.022996,7987.505846,75.452836,10.311345,2707.275744,17:58:23
7095.301181,265.623169,10.263173,1755.875978,7980.215824,75.481550,10.269073,2697.030485,17:58:23
7099.578283,265.617319,10.268740,1751.444045,7997.555017,75.508966,10.295609,2687.826593,17:58:24
7129.923411,265.657083,10.193252,1742.622868,7947.502460,75.447773,10.335884,2673.716097,17:58:24
7070.886594,265.621625,10.282311,1737.181382,7935.750485,75.455283,10.299250,2668.349646,17:58:24
7050.287524,265.587637,10.393256,1747.962666,7994.144376,75.440928,10.328201,2683.410306,17:58:25
7112.215911,265.609682,10.245820,1750.113103,7977.730108,75.452219,10.334922,2684.694958,17:58:25
7091.925075,265.616362,10.325988,1759.065600,7994.261716,75.441801,10.325055,2700.735825,17:58:25
7029.840616,265.577131,10.464087,1760.978555,8041.536915,75.457648,10.236063,2707.794271,17:58:26
7110.417257,265.635195,10.267718,1764.409151,7991.103926,75.483983,10.298066,2709.326272,17:58:26
7094.190347,265.583192,10.319227,1764.699866,8013.228477,75.482022,10.292275,2709.909920,17:58:26
7087.017678,265.588539,10.337338,1768.852696,7995.218458,75.464296,10.331665,2715.899036,17:58:27
7086.882483,265.580046,10.321544,1760.258617,8004.216070,75.473940,10.257869,2705.166210,17:58:27
7066.927785,265.645931,10.323345,1755.629715,7981.775081,75.475140,10.275943,2697.101909,17:58:27
7073.831557,265.670981,10.337487,1751.044715,8006.270337,75.449568,10.287825,2688.611094,17:58:28
7026.484572,265.628849,10.368620,1744.012939,7998.551132,75.429550,10.247670,2678.488303,17:58:28
7055.713478,265.566059,10.377748,1744.681379,8040.551598,75.533660,10.217569,2680.841167,17:58:29
7103.148782,265.669615,10.247216,1742.095088,7989.291017,75.495709,10.286962,2673.389092,17:58:29
7075.814155,265.652560,10.321571,1742.350160,8000.595483,75.462062,10.284520,2674.874765,17:58:29
7045.317525,265.606221,10.401283,1750.822854,8024.985197,75.450049,10.263906,2689.381398,17:58:30
7081.417957,265.540077,10.383335,1763.025291,8038.990136,75.460048,10.259254,2709.617080,17:58:30
7075.724760,265.584910,10.392139,1769.544463,8030.422613,75.535399,10.289598,2718.768238,17:58:30
7069.271988,265.612643,10.274216,1765.938815,7987.247504,75.477675,10.261629,2711.400936,17:58:31
7067.226988,265.597628,10.362087,1767.664163,8025.598108,75.501484,10.257573,2715.852461,17:58:31
7069.846550,265.606664,10.357165,1763.498980,8013.542610,75.453728,10.276126,2709.060090,17:58:31
7101.198739,265.634398,10.334422,1760.003416,8014.629236,75.480641,10.304302,2703.023027,17:58:32
7083.815197,265.632297,10.327661,1752.327119,7984.867240,75.460122,10.293357,2692.151971,17:58:32
7086.956428,265.617706,10.338832,1746.160937,8012.689709,75.433212,10.285929,2681.610564,17:58:32
7109.017414,265.624537,10.264089,1738.099778,7996.464204,75.461056,10.280118,2668.271102,17:58:33
7125.449352,265.650155,10.218267,1742.515866,7984.378899,75.495127,10.306465,2673.448742,17:58:33
7097.030778,265.640670,10.297010,1744.706432,8013.806437,75.483020,10.272593,2678.614925,17:58:33
7100.189367,265.615715,10.268162,1745.353311,7995.833643,75.441931,10.257618,2680.592267,17:58:34
7090.837343,265.647894,10.264389,1754.888774,7988.504123,75.442463,10.261952,2695.001670,17:58:34
7097.819554,265.649605,10.293795,1762.493016,8002.503229,75.462419,10.297638,2705.887733,17:58:35
7108.232232,265.643716,10.292393,1765.598958,8009.345063,75.473395,10.296067,2711.061598,17:58:35
7054.012160,265.634098,10.351293,1768.358604,8020.977124,75.476151,10.239312,2716.805853,17:58:35
7088.235408,265.615353,10.341734,1764.869527,8031.603577,75.497717,10.255169,2711.680456,17:58:36
7070.467363,265.625744,10.328432,1754.271607,8003.594322,75.503980,10.265561,2694.466156,17:58:36
7089.155263,265.608706,10.308981,1752.543201,8006.358431,75.499941,10.269285,2691.723763,17:58:36
7068.870406,265.629068,10.354577,1747.671751,8034.545408,75.473491,10.230477,2685.041822,17:58:37
7060.001348,265.590374,10.389949,1742.583573,8037.095144,75.483848,10.246686,2677.045335,17:58:37
7085.297989,265.603363,10.296497,1738.900645,8013.838587,75.499994,10.266318,2668.936828,17:58:37
7095.930863,265.639299,10.301687,1744.014384,7998.454103,75.475612,10.286237,2678.037436,17:58:38
7093.310912,265.627243,10.296740,1746.433721,8004.629276,75.480307,10.268906,2681.940350,17:58:38
7126.535171,265.630079,10.246156,1757.789452,7998.299547,75.462519,10.311783,2697.659004,17:58:38
7101.981040,265.620992,10.295672,1759.309266,8002.483301,75.480362,10.278903,2702.375877,17:58:39
7092.951064,265.622928,10.275668,1760.744885,8003.944621,75.505667,10.235579,2705.338980,17:58:39
7060.532192,265.632823,10.326949,1764.699820,8017.444090,75.495034,10.221404,2711.595180,17:58:39
7065.659747,265.611319,10.350103,1769.554456,8010.306160,75.463436,10.246934,2719.852795,17:58:40
7084.099335,265.614267,10.335561,1770.073502,8023.959080,75.461859,10.286426,2717.989524,17:58:40
7089.993986,265.656966,10.298302,1759.740787,7989.620765,75.460992,10.283764,2702.972166,17:58:41
7101.586594,265.597684,10.315712,1757.085174,8009.814933,75.461536,10.277026,2699.441699,17:58:41
7107.163292,265.632335,10.278915,1752.287201,7999.815251,75.472637,10.282015,2690.865558,17:58:41
7080.359190,265.653994,10.313830,1744.964716,8003.139705,75.467031,10.292114,2678.300604,17:58:42
7071.154281,265.613155,10.353193,1744.844758,8002.818956,75.492012,10.282923,2680.002317,17:58:42
7059.647890,265.604680,10.343939,1737.990420,8008.339829,75.451720,10.233731,2670.324588,17:58:42
7051.903688,265.627572,10.352657,1744.365483,8013.326388,75.469683,10.206298,2681.448297,17:58:43
7046.634513,265.625135,10.359914,1747.579151,8009.429020,75.478166,10.231653,2685.294859,17:58:43
7060.941807,265.631418,10.331045,1756.593680,8012.605990,75.484343,10.245901,2698.012205,17:58:43
7070.291876,265.641257,10.326968,1763.546498,8003.020735,75.462890,10.258330,2709.437449,17:58:44
7108.944802,265.624251,10.294531,1772.401188,8007.920429,75.478757,10.320262,2720.629540,17:58:44
7105.442793,265.634041,10.284636,1772.514535,8000.171497,75.472587,10.301567,2721.702660,17:58:44
7065.480787,265.623654,10.355049,1765.716784,8003.146945,75.449770,10.294758,2711.806181,17:58:45
7130.590500,265.616609,10.296246,1773.290187,8015.324213,75.434519,10.371693,2720.186531,17:58:45
7077.022624,265.644870,10.324642,1759.619356,7983.751789,75.452657,10.311541,2701.992269,17:58:45
7129.020281,265.630842,10.231460,1750.639852,7996.959364,75.468064,10.285349,2687.467110,17:58:46
7130.750661,265.623827,10.235296,1747.944925,7978.785297,75.446579,10.347080,2681.333209,17:58:46
7114.023299,265.622725,10.228433,1741.976157,7972.771524,75.466402,10.321284,2672.287409,17:58:47
7099.709723,265.607887,10.286854,1740.151513,8000.673787,75.460759,10.300268,2670.494701,17:58:47
7028.583844,265.597905,10.423241,1745.541470,8011.391928,75.476142,10.226850,2684.096492,17:58:47
7058.247829,265.604244,10.348757,1745.538316,8029.158397,75.503437,10.202933,2682.593741,17:58:48
7051.640765,265.605524,10.393083,1754.476295,8013.796160,75.475252,10.244637,2697.144722,17:58:48
7099.994742,265.624925,10.291965,1761.535583,8002.193893,75.480091,10.296265,2704.552182,17:58:48
7090.888706,265.611660,10.319981,1769.381916,8010.446884,75.496636,10.284085,2717.754294,17:58:49
7121.973463,265.606069,10.262274,1771.235736,8005.059287,75.463688,10.310906,2718.859434,17:58:49
7122.667571,265.620852,10.237071,1762.820526,7983.182307,75.475954,10.292598,2707.063830,17:58:49
7184.895629,265.614029,10.149203,1760.747264,7980.320502,75.503061,10.322266,2702.336618,17:58:50
7165.518067,265.604892,10.234472,1766.196796,8024.306971,75.446165,10.357998,2708.541660,17:58:50
7142.182129,265.645570,10.180306,1747.407781,7962.859843,75.486437,10.291696,2682.885430,17:58:50
7118.013598,265.623083,10.255829,1747.484024,7993.220839,75.477290,10.285142,2683.233883,17:58:51
7137.160778,265.616367,10.238696,1748.938914,7994.020605,75.459796,10.371491,2680.987721,17:58:51
7159.682257,265.630142,10.154677,1745.153771,7973.700678,75.456191,10.357118,2674.699484,17:58:52
7157.153342,265.650726,10.139727,1738.388588,7942.327132,75.461734,10.305824,2668.408662,17:58:52
7134.657592,265.639714,10.173719,1746.717882,7930.547686,75.409903,10.404448,2676.821965,17:58:52
7122.855293,265.596788,10.268345,1753.072498,7982.742142,75.442115,10.368956,2688.959838,17:58:53
7182.972523,265.581254,10.217118,1766.864310,8000.687890,75.457105,10.400786,2709.274667,17:58:53
7100.415848,265.609220,10.286725,1758.241981,7987.469860,75.492979,10.282676,2701.019751,17:58:53
7094.519229,265.603987,10.312814,1769.928047,7998.121528,75.470001,10.314009,2717.698796,17:58:54
7124.288118,265.592973,10.297183,1771.603157,8000.043938,75.463443,10.341968,2719.987319,17:58:54
7051.700635,265.600030,10.388275,1765.723654,8027.270078,75.514538,10.246895,2713.469393,17:58:55
7084.837801,265.620263,10.319863,1761.351100,7978.129664,75.489367,10.305702,2705.817377,17:58:55
7043.120756,265.583468,10.423492,1757.112562,8031.885821,75.486164,10.260480,2699.935642,17:58:55
7079.322685,265.630732,10.325310,1737.714477,7995.768853,75.484494,10.307944,2667.034673,17:58:56
7129.329742,265.566506,10.287024,1813.322830,7988.186760,75.490525,10.324266,2787.413469,17:58:56
7114.937737,265.606097,10.304518,1894.173873,7991.846947,75.489690,10.282064,2916.658656,17:58:56
7055.618870,265.621793,10.309130,1980.636736,7954.765968,75.540306,10.164771,3058.074822,17:58:57
7051.951951,265.640032,10.336861,1982.072625,7949.626850,75.525818,10.180061,3060.977077,17:58:57
7030.413153,265.571877,10.366354,1832.539058,8029.009293,75.491176,10.120047,2823.164421,17:58:58
7080.849737,265.666124,10.248169,1725.978032,7955.932160,75.529748,10.147741,2656.952437,17:58:58
7045.750033,265.667245,10.263386,2003.742440,7908.693140,75.560801,10.054721,3101.081969,17:58:59
7065.211641,265.665013,10.241423,2061.463802,7923.354078,75.438537,10.211764,3182.136220,17:58:59
7107.279362,265.676988,10.221242,1758.030465,7952.268372,75.421696,10.144898,2708.407244,17:58:59
5667.306028,265.092875,10.451907,1917.031747,7528.169676,77.038483,7.980429,3010.838037,17:59:00
7109.406439,265.618729,10.189307,1767.652552,7963.819792,75.489101,10.124805,2722.370028,17:59:00
7089.619980,265.591875,10.235375,1723.557352,8000.834588,75.481473,10.092344,2653.046537,17:59:01
7085.853834,265.652019,10.210061,1808.586670,7936.753898,75.531204,10.121499,2788.297187,17:59:01
6991.794962,265.631130,10.417322,1715.520675,8002.073699,75.530402,10.048575,2644.819625,17:59:01
6033.983052,265.358669,10.502472,2004.149781,7571.892166,76.422277,8.623750,3140.078367,17:59:02
7101.926257,265.619048,10.223003,1700.850280,7954.924220,75.537408,10.117671,2619.489794,17:59:03
7070.294417,265.629112,10.204706,1900.158765,7906.256634,75.434302,10.066659,2936.373465,17:59:03
7134.675287,265.607374,10.198958,1721.190562,7974.849178,75.495819,10.157142,2648.935548,17:59:03
7128.459189,265.611107,10.198293,1714.992034,7960.526770,75.446997,10.189343,2637.880233,17:59:04
7026.751805,265.637070,10.207756,1844.918095,7906.066757,75.485006,9.958800,2852.573607,17:59:05
7019.645505,265.639591,10.212719,1893.907218,7888.203340,75.502059,9.965401,2930.311371,17:59:05
7040.329719,265.677136,10.193502,1883.913450,7881.572930,75.443482,10.012710,2912.906588,17:59:05
7054.632283,265.608094,10.141779,1985.049717,7886.531808,75.503830,9.924412,3075.178176,17:59:06
7067.904310,265.641821,10.227233,1749.541651,7931.459879,75.432054,10.007169,2701.900643,17:59:07
7072.185542,265.646343,10.252450,1689.344490,7963.074156,75.441723,10.128172,2599.480066,17:59:07
7093.120782,265.606022,10.248084,1673.486308,7982.075712,75.525556,10.102563,2575.944022,17:59:07
7128.945242,265.619387,10.174232,1762.529132,7943.848112,75.603431,10.074256,2719.358284,17:59:08
7114.355111,265.603551,10.191781,1668.546875,7957.161546,75.501559,10.152345,2565.792407,17:59:09
7114.333630,265.610343,10.190139,1673.830995,7943.255825,75.489731,10.195481,2572.558494,17:59:09
7129.864410,265.637160,10.150494,1676.225492,7928.198884,75.444503,10.187684,2576.987393,17:59:09
7042.136691,265.581101,10.301824,1681.971464,7992.089252,75.496404,10.062457,2589.844942,17:59:10
7075.899836,265.580029,10.180379,1701.590292,7937.259485,75.475122,10.135819,2616.782689,17:59:10
7069.187581,265.622347,10.126873,1804.760969,7951.606489,75.462907,10.226141,2769.632147,17:59:11
7100.825552,265.596760,10.098795,1792.530539,7967.885874,75.434229,10.222004,2750.293451,17:59:11
7079.287117,265.620093,10.072082,1799.839700,7945.094198,75.432946,10.225430,2760.337294,17:59:11
7083.930998,265.684080,10.098354,1726.173596,7958.622645,75.461560,10.262417,2642.952268,17:59:12
7088.653855,265.634421,10.160319,1629.061397,7998.245620,75.489235,10.270729,2490.220471,17:59:12
7129.843615,265.621959,10.199487,1790.002152,7997.536247,75.429617,10.378557,2742.361524,17:59:12
7066.821392,265.604495,10.309109,1792.213742,8025.952004,75.491595,10.308340,2748.751521,17:59:13
7045.342146,265.610377,10.302506,1782.205740,8026.014412,75.416141,10.262748,2733.708277,17:59:13
7085.793242,265.580381,10.279233,1773.478195,8018.972940,75.453656,10.272748,2721.744937,17:59:13
7124.094812,265.604302,10.141782,1767.355215,7956.065586,75.455367,10.324604,2709.552952,17:59:14
7132.760204,265.597287,10.148049,1770.154712,7969.127982,75.451140,10.329209,2713.675539,17:59:14
7086.564396,265.586512,10.231426,1763.148596,8000.281100,75.456873,10.313541,2702.109233,17:59:14
7160.467143,265.607309,10.112469,1771.678678,7972.708158,75.452202,10.345684,2715.042925,17:59:15
7096.982222,265.619479,10.177663,1769.316233,7978.240735,75.445555,10.297857,2712.378469,17:59:15
7079.719646,265.591588,10.220014,1776.399475,7992.556118,75.458637,10.275897,2724.631788,17:59:16
7073.918687,265.603349,10.271435,1788.546219,8013.841058,75.424697,10.292072,2743.429211,17:59:16
7057.690808,265.615311,10.259528,1791.591524,7979.264499,75.421199,10.314897,2747.662596,17:59:16
7080.648364,265.606406,10.229732,1791.962523,7985.705926,75.423941,10.321910,2747.535402,17:59:17
7047.466993,265.576980,10.291165,1788.041322,7995.916425,75.417489,10.290193,2743.120272,17:59:17
7112.849380,265.595083,10.235863,1766.761604,8014.091903,75.449289,10.309819,2709.160102,17:59:17
7141.573359,265.595631,10.158896,1760.207236,7999.720755,75.469644,10.333183,2696.706548,17:59:18
7073.123380,265.595793,10.259201,1748.452091,7998.527714,75.472272,10.280045,2681.486022,17:59:18
7094.971847,265.581876,10.249712,1747.973016,7989.676909,75.447673,10.307020,2680.966616,17:59:18
7059.866169,265.595298,10.287978,1746.501490,8007.805323,75.471220,10.288247,2677.734117,17:59:19
7061.225838,265.610271,10.258196,1745.261782,7983.457321,75.458815,10.270891,2677.183262,17:59:19
7083.731548,265.632159,10.221829,1746.424300,7965.872637,75.481842,10.288353,2679.120044,17:59:19
7098.505351,265.620046,10.251189,1759.247032,7994.208324,75.473871,10.310513,2698.506443,17:59:20
7092.616883,265.597633,10.248719,1766.038836,8003.922235,75.466786,10.285003,2709.385054,17:59:20
7089.439588,265.591659,10.257081,1767.936332,8006.432343,75.467775,10.274919,2712.964324,17:59:21
7090.291598,265.557526,10.274034,1770.354202,8023.735322,75.436277,10.262246,2717.153342,17:59:21
7048.167934,265.579145,10.361498,1768.998532,8036.338129,75.456238,10.249880,2716.136527,17:59:21
7062.006221,265.562935,10.329984,1771.590536,8008.627604,75.452563,10.289257,2719.413051,17:59:22
7075.555597,265.562777,10.318781,1762.187977,8023.240339,75.470573,10.280662,2704.465256,17:59:22
7042.371855,265.589154,10.333710,1755.655589,8018.695134,75.446595,10.244385,2694.913716,17:59:22
7059.178488,265.592532,10.314034,1747.648716,8003.971056,75.412237,10.271068,2682.109652,17:59:23
7036.990345,265.589250,10.307280,1747.640540,8001.545610,75.447376,10.243243,2681.887406,17:59:23
7055.733941,265.587973,10.303884,1747.835952,8019.804942,75.453195,10.267733,2680.638976,17:59:23
7044.606378,265.573233,10.330631,1747.141304,8011.708508,75.455884,10.251076,2681.654885,17:59:24
7072.721171,265.632796,10.264894,1754.772270,7991.576210,75.410369,10.299218,2691.101096,17:59:24
7065.561111,265.588212,10.312212,1762.068334,8009.236032,75.445392,10.307047,2702.701399,17:59:24
7061.691818,265.569012,10.349532,1770.200114,8041.183828,75.483359,10.288621,2715.807864,17:59:25
7083.179002,265.593037,10.306249,1771.133044,8017.296879,75.407357,10.309763,2717.218430,17:59:25
7100.492641,265.630966,10.228478,1772.530147,7972.248794,75.402245,10.336055,2718.553111,17:59:26
7063.692392,265.596880,10.330581,1765.855243,8013.876270,75.506350,10.270337,2711.253359,17:59:26
7102.469232,265.611777,10.250385,1767.028563,7977.796333,75.484074,10.345939,2710.182665,17:59:26
7095.884931,265.576556,10.304613,1764.225415,8023.841806,75.467134,10.333492,2705.341084,17:59:27
7114.941452,265.567164,10.288181,1759.316973,8029.474273,75.438076,10.335671,2697.643663,17:59:27
7106.467445,265.620112,10.234211,1751.705840,7982.902088,75.447572,10.338170,2685.597800,17:59:27
7095.626649,265.589213,10.302116,1750.694469,8029.944795,75.480294,10.322080,2684.106020,17:59:28
7076.305695,265.551534,10.362059,1756.970424,8050.156164,75.435830,10.346953,2692.648302,17:59:28
7097.321640,265.586633,10.293299,1758.918342,8038.321074,75.471707,10.340556,2695.013852,17:59:28
7101.844629,265.637842,10.225289,1765.362517,7986.253900,75.440002,10.326194,2706.729405,17:59:29
7080.524481,265.601603,10.345745,1776.656008,8039.723564,75.493423,10.338127,2724.406885,17:59:29
7054.173884,265.624140,10.307355,1777.903928,8042.005422,75.482216,10.259227,2726.861138,17:59:29
7059.437873,265.588387,10.301764,1767.684599,8035.055953,75.538106,10.200713,2714.819002,17:59:30
7123.806783,265.635085,10.240777,1774.017215,7998.283256,75.494328,10.339967,2721.080129,17:59:30
7066.776576,265.623859,10.343876,1774.975053,8010.974722,75.503806,10.331801,2723.159427,17:59:30
7100.920756,265.630646,10.238287,1766.321262,7998.025385,75.528771,10.326204,2707.956500,17:59:31
7121.864864,265.601469,10.256468,1763.931756,8015.189241,75.481411,10.346166,2704.244426,17:59:31
7136.656781,265.601896,10.250748,1761.662078,8002.089246,75.449488,10.401294,2699.258066,17:59:32
7103.139272,265.599206,10.255009,1755.613484,8014.324560,75.461871,10.322350,2691.134441,17:59:32
7173.411172,265.599625,10.141943,1751.606393,7990.630712,75.481963,10.366180,2683.403851,17:59:32
7169.269703,265.650163,10.097630,1749.128657,7961.204582,75.494832,10.320342,2681.758266,17:59:33
7043.870392,265.648148,10.300752,1753.267641,7972.501673,75.483109,10.269466,2691.566768,17:59:33
7071.089831,265.679044,10.314076,1764.338086,7983.012551,75.437991,10.307739,2708.706686,17:59:34
7101.946380,265.667048,10.225942,1772.159247,7960.734993,75.418758,10.374703,2716.576133,17:59:34
7094.732739,265.636647,10.217029,1769.559822,7957.850051,75.434386,10.319454,2714.901237,17:59:34
7045.249770,265.598412,10.350026,1773.680447,8027.001707,75.439722,10.284277,2721.387522,17:59:35
7068.363102,265.600523,10.315324,1779.455835,8005.001405,75.440772,10.347152,2728.420018,17:59:35
7030.875612,265.610695,10.389092,1768.091516,8008.186359,75.476243,10.306964,2713.592250,17:59:35
7030.871335,265.603941,10.368274,1761.712643,7997.853656,75.512254,10.310394,2703.064090,17:59:36
7086.557155,265.613703,10.301527,1758.134613,8001.158578,75.459769,10.343638,2696.011410,17:59:36
7103.709927,265.636260,10.215692,1776.649076,7974.982636,75.430726,10.259672,2728.834299,17:59:43
7111.079178,265.585743,10.251513,1786.878434,7994.243194,75.435919,10.317627,2742.529223,17:59:45
7108.957834,265.589040,10.260988,1792.571560,8004.845275,75.475018,10.343835,2749.501636,17:59:55
7079.601798,265.607883,10.307433,1792.196793,8012.472398,75.469684,10.302528,2750.943470,17:59:57
7079.601798,265.607883,10.307433,1792.196793,8012.472398,75.469684,10.302528,2750.943470,17:59:57
7091.149205,265.601917,10.272098,1781.038343,8035.393917,75.467093,10.302549,2730.710392,17:59:58
7105.925794,265.615052,10.220791,1769.663792,8000.238412,75.439485,10.308717,2713.536216,17:59:58
7109.865640,265.609351,10.219169,1775.426977,8014.953665,75.455915,10.355914,2718.965119,17:59:58
7088.551247,265.603795,10.256034,1770.257447,8011.818105,75.464741,10.344412,2712.050683,17:59:59